,Product Name,Price,Reviews
0,Lenovo IdeaPad Slim 3 Intel Core i5 13th Gen 13420H - (16 GB/512 GB SSD/Windows 11 Home) 15IRH8 Thin a...,"₹59,390",4.5
1,HP Intel Core i5 13th Gen 1335U - (8 GB/512 GB SSD/Windows 11 Home) 15-fd0021TU Thin and Light Laptop,"₹55,990",4.2
2,Lenovo V15 Intel Celeron Dual Core 4th Gen - (8 GB/256 GB SSD/Windows 11 Home) 82QYA00MIN Laptop,"₹19,990",4
3,Colorful Evol P-15 Intel Core i5 12th Gen 12450H - (16 GB/512 GB SSD/Windows 11 Home/6 GB Graphics/NVI...,"₹65,311",
4,ASUS X1502ZA Intel Core i5 12th Gen 1235U - (8 GB/512 GB SSD/Windows 11 Home) X1502ZA-EJ532WS Laptop,"₹45,900",3.9
5,Apple 2020 Macbook Air Apple M1 - (8 GB/256 GB SSD/Mac OS Big Sur) MGN63HN/A,"₹73,990",4.7
6,ZEBRONICS Pro Series Z Intel Core i5 12th Gen 1235U - (16 GB/512 GB SSD/Windows 11 Home) ZEB-NBC 4S Th...,"₹34,990",3.8
7,Acer Aspire 7 Intel Core i5 12th Gen 12450H - (8 GB/512 GB SSD/Windows 11 Home/4 GB Graphics/NVIDIA Ge...,"₹54,990",4.2
8,Lenovo V15 AMD Ryzen 3 Quad Core 7320U - (8 GB/512 GB SSD/Windows 11 Home) V15 G4 AMN 1 Thin and Light...,"₹27,990",4.3
9,DELL Intel Core i3 12th Gen 1215U - (8 GB/512 GB SSD/Windows 11 Home) New Inspiron 15 Laptop Thin and ...,"₹34,990",4.2
10,CHUWI Intel Celeron Dual Core 11th Gen N4020 - (8 GB/256 GB SSD/Windows 11 Home) HeroBook Pro Laptop,"₹16,990",3.7
11,HP 2023 Intel Core i5 12th Gen 1235U - (8 GB/512 GB SSD/Windows 11 Home) 15s-fy5002TU Thin and Light L...,"₹49,990",4.2
12,Lenovo IdeaPad Slim 3 Intel Core i3 12th Gen 1215U - (8 GB/512 GB SSD/Windows 11 Home) 15IAU7 Thin and...,"₹35,990",4.2
13,DELL Intel Core i3 12th Gen 1215U - (8 GB/512 GB SSD/Windows 11 Home) New Inspiron 15 Laptop Thin and ...,"₹35,490",4.2
14,HP 255 G9 AMD Ryzen 3 Dual Core R3 3250 - (8 GB/512 GB SSD/Windows 11 Home) 255 G8 Business Laptop,"₹26,990",4.1
15,HP AMD Ryzen 5 Hexa Core 5500U - (8 GB/512 GB SSD/Windows 11 Home) 15s- eq2223AU Thin and Light Laptop,"₹37,990",4.3
16,SAMSUNG Galaxy Book3 Intel Core i5 13th Gen 1335U - (8 GB/512 GB SSD/Windows 11 Home) NP750XFG-KB1IN T...,"₹62,990",4.4
17,ASUS Vivobook 14 (2023) Intel Core i3 13th Gen 1315U - (8 GB/512 GB SSD/Windows 11 Home) X1404VA-NK321...,"₹42,990",4.1
18,ASUS Vivobook 15 Intel Core i3 11th Gen 1115G4 - (8 GB/256 GB SSD/Windows 11 Home) X1500EA-EJ311W Thin...,"₹29,990",4.2
19,ASUS Vivobook 15 Intel Core i3 12th Gen 1215U - (16 GB/512 GB SSD/Windows 11 Home) X1502ZA-EJ993WS Thi...,"₹41,990",4.3
20,SAMSUNG Galaxy Book3 Intel Core i7 13th Gen 1355U - (16 GB/512 GB SSD/Windows 11 Home) NP750XFG-KA3IN ...,"₹81,990",4.4
21,Acer Aspire 7 (2023) Intel Core i5 12th Gen 12450H - (16 GB/512 GB SSD/Windows 11 Home/4 GB Graphics/N...,"₹59,990",4.2
22,ZEBRONICS Thin and Light Laptop Intel Core i7 12th Gen 1255U - (16 GB/1 TB SSD/Windows 11 Home) ZEB-NB...,"₹43,990",3.9
23,ASUS Vivobook 15 Intel Core i5 12th Gen 1235U - (16 GB/512 GB SSD/Windows 11 Home) X1502ZA-EJ545WS Thi...,"₹52,990",4.1
24,ZEBRONICS Thin and Light Laptop Intel Core i7 12th Gen 1255U - (16 GB/512 GB SSD/Windows 11 Home) ZEB-...,"₹40,990",3.9
25,Lenovo IdeaPad Slim 1 Intel Celeron Dual Core N4020 - (8 GB/256 GB SSD/Windows 11 Home) 14IGL7 Thin an...,"₹22,990",4
26,HP Pavilion Intel Core i5 13th Gen 1335U - (16 GB/1 TB SSD/Windows 11 Home) 15-eg3018TU Thin and Light...,"₹74,990",4.3
27,HP 15s (2023) Intel Core i3 13th Gen 1315U - (8 GB/512 GB SSD/Windows 11 Home) 15-fd0018TU Thin and Li...,"₹44,990",4.2
28,MSI GF63 Intel Core i5 11th Gen 11260H - (16 GB/512 GB SSD/Windows 11 Home/4 GB Graphics/NVIDIA GeForc...,"₹55,999",4.2
29,DELL Vostro 3420 Business Laptop Intel Core i5 11th Gen - (8 GB/512 GB SSD/Windows 11 Home) 3420 Busin...,"₹39,990",3.7
30,SAMSUNG Galaxy Book4 Intel Core 5 120U - (8 GB/512 GB SSD/Windows 11 Home) NP750XGK-KS1IN Thin and Lig...,"₹74,990",4.7
31,Lenovo IdeaPad Slim 5 Intel Core i5 13th Gen 13500H - (16 GB/512 GB SSD/Windows 11 Home) 16IRL8 Thin a...,"₹71,990",4.2
32,realme Book Prime Intel Core i5 11th Gen 11320H - (8 GB/512 GB SSD/Windows 11 Home) CloudPro002 Thin a...,"₹32,990",4.2
33,HP AMD Ryzen 3 Quad Core 5300U - (8 GB/512 GB SSD/Windows 11 Home) 15s-eq2143au Thin and Light Laptop,"₹32,054",4.2
34,HP 255 G9 840T7PA AMD Athlon Dual Core 3050U - (4 GB/256 GB SSD/DOS) 255 G8 Thin and Light Laptop,"₹19,490",3.9
35,walker Intel Celeron Dual Core N4020 - (4 GB/128 GB SSD/Windows 11 Home) NU14A1 Thin and Light Laptop,"₹12,990",3.8
36,Acer Aspire 7 Intel Core i5 12th Gen 12450H - (16 GB/512 GB SSD/Windows 11 Home/4 GB Graphics/NVIDIA G...,"₹52,599",4.2
37,ASUS TUF Gaming F15 Intel Core i5 12th Gen 12500H - (16 GB/512 GB SSD/Windows 11 Home/4 GB Graphics/NV...,"₹70,990",4.5
38,MSI Modern 14 Intel Core i5 12th Gen 1235U - (8 GB/512 GB SSD/Windows 11 Home) Modern 14 C12M-440IN / ...,"₹36,990",4.2
39,Infinix Inbook Y1 Plus Intel Core i5 10th Gen 1035G1 - (8 GB/512 GB SSD/Windows 11 Home) XL28 Thin and...,"₹25,990",4.3
40,MSI GF63 Intel Core i7 12th Gen 12650H - (16 GB/1 TB SSD/Windows 11 Home/6 GB Graphics/NVIDIA GeForce ...,"₹96,990",4.4
41,HP Intel Core i5 12th Gen 1235U - (16 GB/512 GB SSD/Windows 11 Home) 15s-fq5330TU Thin and Light Lapto...,"₹54,990",4.2
42,ASUS Vivobook Go 15 (2023) AMD Ryzen 3 Quad Core 7320U - (8 GB/512 GB SSD/Windows 11 Home) E1504FA-NJ3...,"₹35,990",4.2
43,MSI Katana 15 Intel Core i5 12th Gen 12450H - (8 GB/512 GB SSD/Windows 11 Home/6 GB Graphics/NVIDIA Ge...,"₹81,990",4.2
44,Lenovo IdeaPad Slim 3 Intel Core i3 12th Gen 1215U - (8 GB/256 GB SSD/Windows 11 Home) 15IAU7 Thin and...,"₹31,990",4.1
45,Infinix INBook X2 Plus Intel Core i3 11th Gen 1115G4 - (8 GB/256 GB SSD/Windows 11 Home) XL25 Thin and...,"₹25,990",4.2
46,Lenovo IdeaPad Slim 5 WUXGA-OLED Intel Core i7 13th Gen 13620H - (16 GB/512 GB SSD/Windows 11 Home) 14...,"₹83,072",4.1
47,Acer Nitro 5 Intel Core i7 12th Gen 12650H - (16 GB/512 GB SSD/Windows 11 Home/6 GB Graphics/NVIDIA Ge...,"₹94,999",4.4
48,Infinix INBook X2 Plus Intel Core i3 11th Gen 1115G4 - (8 GB/256 GB SSD/Windows 11 Home) XL25 Thin and...,"₹25,990",4.2
49,ASUS TUF Gaming F15 - AI Powered Gaming Intel Core i5 11th Gen 11260H - (16 GB/512 GB SSD/Windows 11 H...,"₹52,990",4.3
50,ASUS TUF Gaming F15 with 90WHr Battery Intel Core i5 11th Gen 11400H - (16 GB/512 GB SSD/Windows 11 Ho...,"₹59,990",4.5
51,ASUS Vivobook 15 Intel Core i3 11th Gen 1115G4 - (8 GB/256 GB SSD/Windows 11 Home) X515EA-EJ312W Thin ...,"₹29,990",4.3
52,CHUWI Intel Celeron Quad Core 12th Gen N100 - (8 GB/256 GB SSD/Windows 11 Home) GemiBook X_Pro Laptop,"₹18,990",4
53,"ASUS Vivobook Pro 15 For Creator, AMD Ryzen 5 Hexa Core 5600HS - (8 GB/512 GB SSD/Windows 11 Home/4 GB...","₹59,990",4.4
54,HP 2023 Intel Core i5 12th Gen 1235U - (8 GB/512 GB SSD/Windows 11 Home) 15s-fy5002TU Thin and Light L...,"₹49,990",4.2
55,Acer Aspire 3 Intel Core i3 12th Gen 1215U - (8 GB/512 GB SSD/Windows 11 Home) A315-59-36HE Thin and L...,"₹32,990",4.4
56,CHUWI Intel Celeron Dual Core 11th Gen N4020 - (8 GB/256 GB SSD/Windows 11 Home) HeroBook Pro Laptop,"₹16,990",3.7
57,Infinix Inbook Y2 Plus Intel Core i5 11th Gen 1155G7 - (16 GB/512 GB SSD/Windows 11 Home) XL29 Thin an...,"₹32,990",4.1
58,HP 255 G9 841W6pa AMD Ryzen 3 Dual Core - (8 GB/512 GB SSD/DOS) 6E3Z0PA Laptop,"₹23,990",3.7
59,Infinix Y1 Plus Neo Intel Intel Celeron Quad Core 11th Gen JSL N5100 - (8 GB/512 GB SSD/Windows 11 Hom...,"₹22,990",4
60,HP 15s (2023) AMD Ryzen 3 Quad Core 7320U - (8 GB/512 GB SSD/Windows 11 Home) 15-fc0026AU Thin and Lig...,"₹35,490",4.2
61,MSI Modern 15 AMD Ryzen 5 Hexa Core 7530U - (8 GB/512 GB SSD/Windows 11 Home) Modern 15 B7M-072IN Thin...,"₹36,990",4.3
62,HP G9245 Silver 841w7paA AMD Ryzen 3 Dual Core AMD Ryzen 3 3250U - (8 GB/512 GB SSD/DOS) 245 G8 Laptop,"₹23,999",3.9
63,MSI GF63 Intel Core i5 11th Gen 11260H - (16 GB/1 TB HDD/256 GB SSD/Windows 11 Home/4 GB Graphics/NVID...,"₹54,990",4.3
64,HP Intel Core i3 12th Gen 1215U - (8 GB/512 GB SSD/Windows 11 Home) 14s-dq5138tu Thin and Light Laptop,"₹37,990",4.3
65,HP G9 Intel Core i3 12th Gen 1215U - (8 GB/512 GB SSD/Windows 11 Pro) 240 G9 Laptop,"₹34,990",3.6
66,DELL Intel Core i5 12th Gen 1235U - (8 GB/512 GB SSD/Windows 11 Home) New Inspiron 15 Laptop Thin and ...,"₹46,290",4.2
67,DELL Intel Core i3 12th Gen 1215U - (8 GB/512 GB SSD/Windows 11 Home) Inspiron 3520 Thin and Light Lap...,"₹36,390",4.2
68,DELL Inspiron Intel Core i5 11th Gen 1135G7 - (8 GB/512 GB SSD/Windows 11 Home) 3511 Thin and Light La...,"₹43,590",3.9
69,HP Pavilion x360 Intel Core i3 12th Gen 1215U - (8 GB/512 GB SSD/Windows 11 Home) 14-ek0137TU Thin and...,"₹55,208",4.3
70,ASUS Vivobook S14 OLED Intel EVO H-Series Intel Core i5 12th Gen 12500H - (16 GB/512 GB SSD/Windows 11...,"₹70,990",4.4
71,MSI GF63 Intel Core i5 11th Gen 11260H - (8 GB/512 GB SSD/Windows 11 Home/4 GB Graphics/NVIDIA GeForce...,"₹52,990",4.2
